"Path","Platform","Compiled","Cooked","Permutations","Compiletime","CompiledDouble","CookedDouble"
"Globals","0","4586","0","1","0.000000","0","0"
"/Game/TopDownLogic/Other/Character/ThirdPerson/Meshes/M_RampMaterial.M_RampMaterial","0","23","1","1","24.614252","0","272"
"/Game/TopDownLogic/Other/Character/Geometry/Meshes/M_CubeMaterial.M_CubeMaterial","0","23","1","1","24.141441","0","298"
"/Game/StarterContent/Props/Materials/M_MaterialSphere_Plain.M_MaterialSphere_Plain","0","14","1","1","15.714340","0","118"
"/Game/StarterContent/Props/Materials/M_MaterialSphere.M_MaterialSphere","0","14","1","1","15.997704","0","106"
"/Game/sA_PickupSet_1/Materials/M_Master_MetalFX.M_Master_MetalFX","0","52","1","1","65.198769","0","1412"
"/Game/sA_PickupSet_1/Materials/M_Master_Fresnel.M_Master_Fresnel","0","26","1","1","35.232975","0","376"
"/Game/sA_PickupSet_1/Materials/M_Ground.M_Ground","0","14","8","1","74.972954","56","431"
"/Game/Assets/VFX/Explosion/M_poof.M_poof","0","26","1","1","50.539864","0","358"
"/ControlRig/Controls/ControlRigGizmoMaterial.ControlRigGizmoMaterial","0","0","4","1","0.000000","0","0"
"/Engine/EngineDebugMaterials/DebugEditorMaterial.DebugEditorMaterial","0","0","6","1","0.000000","0","0"
"/Game/Assets/Level/Materials/Transp/M_Shop_TSP.M_Shop_TSP","0","18","1","1","38.068062","0","177"
"/Game/Assets/Level/Materials/Dungoen_Stone_Mid_SHD.Dungoen_Stone_Mid_SHD","0","14","1","1","27.625500","0","118"
"/Game/Assets/Characters/Gobelin/Materials/Goblin_Teeth_SHD.Goblin_Teeth_SHD","0","26","1","1","47.369930","0","350"
"/Game/Assets/Level/Materials/Dungoen_Stone_Light_SHD.Dungoen_Stone_Light_SHD","0","14","1","1","21.650631","0","118"
"/Game/Assets/Level/Materials/Dungeon_Spawn_SHD.Dungeon_Spawn_SHD","0","14","1","1","14.425546","0","118"
"/Game/Assets/Characters/Gobelin/Materials/Goblin_Skin_SHD.Goblin_Skin_SHD","0","26","1","1","31.890265","0","365"
"/Game/Assets/Characters/Gobelin/Materials/Goblin_PinkSkin_SHD.Goblin_PinkSkin_SHD","0","26","1","1","26.519436","0","376"
"/Game/Assets/Characters/Gobelin/Materials/Goblin_Red_SHD.Goblin_Red_SHD","0","26","1","1","24.307953","0","376"
"/Game/Assets/Characters/Barbarian/Material/Barbarian_Horn_SHD.Barbarian_Horn_SHD","0","26","1","1","26.902693","0","361"
"/Game/Assets/Characters/Barbarian/Material/Barbarian_Hair_SHD.Barbarian_Hair_SHD","0","26","1","1","28.916365","0","376"
"/Game/Assets/Characters/Barbarian/Material/Barbarian_Eye_Pupil.Barbarian_Eye_Pupil","0","26","1","1","26.761873","0","376"
"/Game/Assets/Characters/Barbarian/Material/Barbarian_EyeGlobe_SHD.Barbarian_EyeGlobe_SHD","0","26","1","1","36.241726","0","354"
"/Game/Assets/Characters/Barbarian/Material/Barabrian_Cape_SHD.Barabrian_Cape_SHD","0","30","1","1","31.372808","0","490"
"/Game/Assets/Characters/Barbarian/Material/Axe_MetalWarm_SHD.Axe_MetalWarm_SHD","0","14","1","1","13.531590","0","118"
"/Game/Assets/Characters/Barbarian/Material/Axe_MetalCold_SHD.Axe_MetalCold_SHD","0","14","1","1","14.102990","0","118"
"/Game/Assets/Characters/Barbarian/Material/Axe_MetalBright_SHD.Axe_MetalBright_SHD","0","14","1","1","14.817131","0","118"
"/Game/Assets/Characters/Barbarian/Material/Axe_Leather_Dark_SHD.Axe_Leather_Dark_SHD","0","14","1","1","14.026677","0","108"
"/Game/Assets/Characters/Gobelin/Materials/Goblin_MetalCold_SHD.Goblin_MetalCold_SHD","0","26","1","1","27.482914","0","376"
"/Game/Assets/Characters/Gobelin/Materials/Goblin_Leather_Light_SHD.Goblin_Leather_Light_SHD","0","26","1","1","26.956270","0","348"
"/Game/Assets/Characters/Gobelin/Materials/Goblin_Leather_Dark_SHD.Goblin_Leather_Dark_SHD","0","26","1","1","29.244799","0","358"
"/Game/Assets/Characters/Gobelin/Materials/Goblin_Hair_SHD.Goblin_Hair_SHD","0","26","1","1","29.298935","0","376"
"/Game/Assets/Characters/Gobelin/Materials/Goblin_Hair2_SHD.Goblin_Hair2_SHD","0","26","1","1","26.736750","0","376"
"/Game/Assets/Characters/Gobelin/Materials/Goblin_Eye_Pupil_SHD.Goblin_Eye_Pupil_SHD","0","26","1","1","28.430468","0","376"
"/Game/Assets/Characters/Gobelin/Materials/Goblin_EyeGlobe_SHD.Goblin_EyeGlobe_SHD","0","26","1","1","28.000597","0","376"
"/Game/Assets/Characters/Gobelin/Materials/Goblin_Dark_SHD.Goblin_Dark_SHD","0","26","1","1","33.833611","0","376"
"/Game/Assets/Characters/Barbarian/Material/Barbarian_Teeth_SHD.Barbarian_Teeth_SHD","0","26","1","1","39.222740","0","376"
"/Game/Assets/Characters/Barbarian/Material/Barbarian_Skin_SHD.Barbarian_Skin_SHD","0","26","1","1","35.308792","0","376"
"/Game/Assets/Characters/Barbarian/Material/Barbarian_MetalWarm_SHD.Barbarian_MetalWarm_SHD","0","26","1","1","40.411236","0","360"
"/Game/Assets/Characters/Barbarian/Material/Barbarian_MetalCold_SHD.Barbarian_MetalCold_SHD","0","26","1","1","28.901131","0","376"
"/Game/Assets/Characters/Barbarian/Material/Barbarian_Leather_Light_SHD.Barbarian_Leather_Light_SHD","0","26","1","1","27.215212","0","351"
"/Game/Assets/Characters/Barbarian/Material/Barbarian_Leather_Dark_SHD.Barbarian_Leather_Dark_SHD","0","26","1","1","30.026163","0","362"
"/Game/Asian_Village/materials/water_materials/M_water_bottom.M_water_bottom","0","23","1","1","23.500443","0","272"
"/Game/Asian_Village/materials/building_materials/base_materials/M_base_color.M_base_color","0","23","1","1","24.747786","0","271"
"/Game/Assets/VFX/Rift/Faille.Faille","0","6","1","1","6.713259","0","21"
"/Game/TopDownLogic/Other/Materials/M_AoE.M_AoE","0","21","1","1","22.140717","0","179"
"/Game/Assets/VFX/Torch/Materials/Torch_01.Torch_01","0","46","1","1","57.606976","0","1119"
"/Game/sA_PickupSet_1/Materials/M_AdditiveScrollNiagara.M_AdditiveScrollNiagara","0","20","1","1","21.987720","0","229"
"/Game/Assets/VFX/Hits/Meshes/Mat?rials/M_Dummy_hit.M_Dummy_hit","0","26","1","1","29.590839","0","368"
"/Game/Assets/VFX/Heal/M_CrossHeal.M_CrossHeal","0","40","1","1","54.612816","0","824"
"/Game/Assets/VFX/FIre/Mat/Fire.Fire","0","36","1","1","60.163528","0","701"
"/Game/Assets/VFX/Dust/Mat/M_Dust.M_Dust","0","36","1","1","47.433441","0","701"
"/Game/Assets/VFX/Blood/Mat/M_Blood.M_Blood","0","36","2","1","49.519611","0","640"
"/Game/Assets/Level/Materials/M_wall.M_wall","0","23","2","1","32.197422","0","296"
"/Game/Assets/Level/Materials/Torch/Materials/Material_003.Material_003","0","23","1","1","27.335089","0","278"
"/Game/Assets/Level/Materials/Torch/Materials/Material_002.Material_002","0","23","1","1","28.721415","0","298"
"/Game/Assets/Level/Materials/Torch/Materials/Material_001.Material_001","0","23","1","1","30.980450","0","298"
"/Game/Assets/Level/Materials/Torch/Materials/Material_005.Material_005","0","23","1","1","29.109619","0","298"
"/Game/Assets/Level/Materials/Torch/Materials/Material_004.Material_004","0","23","1","1","27.904945","0","296"
"/Game/Assets/Level/Materials/M_Shop_Internal_Circle.M_Shop_Internal_Circle","0","14","1","1","16.073427","0","106"
"/Game/Assets/Level/Materials/M_Shop_External_Circle.M_Shop_External_Circle","0","14","1","1","15.302694","0","118"
"/Game/Assets/Level/Materials/M_Pillar_C.M_Pillar_C","0","23","1","1","25.506683","0","286"
"/Game/Assets/Level/Materials/M_Pillar.M_Pillar","0","23","1","1","28.072962","0","298"
"/Game/Assets/Level/Materials/M_Ground.M_Ground","0","38","1","1","40.063297","0","760"
"/Game/Assets/Level/Materials/Dummy/M_X.M_X","0","23","1","1","27.247904","0","283"
"/Game/Assets/Level/Materials/Dummy/M_hat.M_hat","0","23","1","1","30.902069","0","281"
"/Game/Assets/Level/Materials/Dummy/M_head.M_head","0","23","1","1","27.146156","0","298"
"/Game/Assets/Level/Materials/Dummy/M_Pied.M_Pied","0","23","1","1","26.904461","0","298"
"/Game/Assets/Level/Materials/Dummy/M_Body.M_Body","0","23","1","1","30.678337","0","298"
"/Game/Assets/Level/Materials/M_Door.M_Door","0","23","1","1","28.053020","0","298"
"/Game/Assets/Characters/Enemy/Materials/Bettle/M_Bettle.M_Bettle","0","26","1","1","32.304970","0","376"
"/Game/Assets/Characters/Barbarian/Material/Balle_SDH.Balle_SDH","0","14","1","1","19.452257","0","118"
"/Game/Asian_Village/materials/sky_materials/M_sky.M_sky","0","29","2","1","50.922455","0","450"
"/Game/Asian_Village/materials/building_materials/base_materials/M_wall_panel.M_wall_panel","0","23","1","1","29.449593","0","298"
"/Game/TopDownLogic/Other/Materials/OutlinePP_Mat.OutlinePP_Mat","0","4","1","1","2.539648","0","13"
"/Game/StarterContent/Particles/Materials/M_Radial_Gradient.M_Radial_Gradient","0","15","1","1","15.942622","0","134"
"/Game/Assets/VFX/Fog/M_Fog.M_Fog","0","24","1","1","37.491688","0","323"
"/Game/Asian_Village/materials/postprocess_materials/M_postprocess.M_postprocess","0","4","1","1","3.108161","0","13"
"/Engine/EngineMaterials/RemoveSurfaceMaterial.RemoveSurfaceMaterial","0","0","4","1","0.000000","0","0"
"","0","1","0","1","0.000000","111","0"
"/Game/TopDownLogic/Other/Character/Mannequin/Character/Materials/M_UE4Man_Body.M_UE4Man_Body","0","104","17","2","117.090050","0","2391"
"/Game/sA_PickupSet_1/Materials/M_sA_Aura.M_sA_Aura","0","20","2","1","34.865631","0","43"
"/Game/sA_PickupSet_1/Materials/M_Master_RadialBeam.M_Master_RadialBeam","0","9","1","1","16.595535","0","53"
"/Game/Assets/VFX/Torch/Materials/M_Sparks.M_Sparks","0","30","1","1","41.156448","0","523"
"/Game/Assets/VFX/Portal/M_Portal.M_Portal","0","40","2","1","63.453907","0","857"
"/Game/Assets/VFX/Explosion/M_Shockwave.M_Shockwave","0","6","2","1","8.964309","0","24"
"/Game/Asian_Village/materials/water_materials/M_water_noise.M_water_noise","0","39","1","1","48.192562","0","803"
"/Game/Assets/VFX/Hit/M_Hit.M_Hit","0","30","1","1","40.249203","0","515"
"/Game/Asian_Village/materials/water_materials/M_waterfall.M_waterfall","0","13","1","1","15.186570","0","103"
"/Game/Asian_Village/materials/water_materials/M_water.M_water","0","13","1","1","18.871037","0","103"
"/Game/Asian_Village/materials/plants_materials/M_grass.M_grass","0","82","1","1","129.613174","0","3108"
"/Game/Asian_Village/materials/decals_materials/M_decal_dirt.M_decal_dirt","0","21","1","1","31.620087","0","216"
"/Game/Asian_Village/materials/trees_materials/M_foliage_bamboo.M_foliage_bamboo","0","82","1","1","140.132812","0","3087"
"/Game/Asian_Village/materials/trees_materials/M_foliage.M_foliage","0","82","1","1","144.497131","0","3284"
"/Game/Asian_Village/materials/props_materials/M_statue.M_statue","0","23","1","1","34.688908","0","298"
"/Game/Asian_Village/materials/props_materials/M_lantern.M_lantern","0","23","1","1","35.403957","0","277"
"/Game/Asian_Village/materials/props_materials/M_flag_banner.M_flag_banner","0","23","1","1","38.826618","0","298"
"/Game/Asian_Village/materials/plants_materials/M_plants.M_plants","0","82","2","1","116.466125","0","3541"
"/Game/Asian_Village/materials/building_materials/base_materials/M_wicker_wallpaper.M_wicker_wallpaper","0","25","2","1","41.354855","0","313"
"/Game/Asian_Village/materials/building_materials/base_materials/M_tiles_WPO.M_tiles_WPO","0","23","1","1","36.926010","0","298"
"/Game/Asian_Village/materials/building_materials/base_materials/M_glass.M_glass","0","5","1","1","6.605104","0","19"
"/Game/Asian_Village/materials/building_materials/base_materials/M_concrete.M_concrete","0","44","1","1","74.479584","0","1024"
"/Game/Asian_Village/materials/building_materials/M_wooden_fence.M_wooden_fence","0","44","1","1","75.737762","0","915"
"/Game/Asian_Village/materials/building_materials/M_thatched_roof.M_thatched_roof","0","41","4","1","59.184898","0","851"
"/Game/Asian_Village/materials/building_materials/M_door.M_door","0","23","1","1","36.695168","0","258"
"/Game/Asian_Village/materials/building_materials/M_column_decoration.M_column_decoration","0","23","1","1","34.711876","0","281"
"/Game/Asian_Village/materials/building_materials/M_building_metal.M_building_metal","0","23","1","1","37.063992","0","198"
"/Game/Asian_Village/materials/building_materials/M_building_concrete_WPO.M_building_concrete_WPO","0","23","3","1","44.016994","0","257"
"/Game/Asian_Village/materials/building_materials/M_block_foundation.M_block_foundation","0","23","1","1","51.620773","0","164"
"/ControlRig/Controls/ControlRigXRayMaterial.ControlRigXRayMaterial","0","0","7","1","0.000000","0","0"
"/Engine/EngineDebugMaterials/DebugMeshMaterial.DebugMeshMaterial","0","0","5","1","0.000000","0","0"
"/Engine/EditorMaterials/PhAT_NoCollisionMaterial.PhAT_NoCollisionMaterial","0","0","3","1","0.000000","0","0"
"/MeshModelingToolset/Materials/M_DynamicMeshComponentVtxColor.M_DynamicMeshComponentVtxColor","0","0","18","1","0.000000","0","0"
"/Game/Asian_Village/materials/trees_materials/M_bark.M_bark","0","118","3","1","194.103622","0","4845"
"/Game/Asian_Village/materials/cliff_materials/M_cliff.M_cliff","0","23","1","1","72.110939","0","135"
"/Game/Asian_Village/materials/building_materials/M_building_wood.M_building_wood","0","88","10","2","178.649170","0","1053"
"/Engine/EngineMaterials/Widget3DPassThrough.Widget3DPassThrough","0","0","52","6","0.000000","0","0"
"/Engine/EngineMaterials/GizmoMaterial.GizmoMaterial","0","0","6","1","0.000000","0","0"
"/Paper2D/DefaultSpriteMaterial.DefaultSpriteMaterial","0","0","42","2","0.000000","0","0"
"/Engine/EngineMaterials/NaniteHiddenSectionMaterial.NaniteHiddenSectionMaterial","0","0","27","1","0.000000","0","0"
"/Engine/EditorMaterials/PhAT_UnselectedMaterial.PhAT_UnselectedMaterial","0","0","3","1","0.000000","0","0"
"/Engine/EditorLandscapeResources/SplineEditorMeshMat.SplineEditorMeshMat","0","0","10","1","0.000000","0","0"
"/Game/Asian_Village/materials/building_materials/base_materials/M_stone_tiles.M_stone_tiles","0","23","1","1","26.230583","0","186"
"/Engine/EditorMaterials/Thumbnails/SkySphereMaterial.SkySphereMaterial","0","0","23","1","0.000000","0","0"
"/Engine/EngineDebugMaterials/M_SimpleUnlitTranslucent.M_SimpleUnlitTranslucent","0","0","3","1","0.000000","0","0"
"/Engine/EditorMaterials/Camera/CineMat.CineMat","0","0","26","1","0.000000","0","0"
"/Game/Asian_Village/materials/landscape_materials/M_landscape_material.M_landscape_material","0","23","3","1","22.844728","0","156"
"/Engine/VREditor/TransformGizmo/Main.Main","0","0","3","1","0.000000","0","0"
"/Engine/VREditor/TransformGizmo/Xray.Xray","0","0","14","1","0.000000","0","0"
"/Engine/VREditor/TransformGizmo/TranslucentTransformGizmoMaterial.TranslucentTransformGizmoMaterial","0","0","3","1","0.000000","0","0"
"/Engine/EngineMaterials/DefaultLightFunctionMaterial.DefaultLightFunctionMaterial","0","0","35","1","0.000000","0","0"
"/Game/StarterContent/Particles/Materials/m_flare_01.m_flare_01","0","0","12","1","0.000000","0","0"
"/Game/StarterContent/Materials/M_Glass.M_Glass","0","0","33","1","0.000000","0","0"
"/Game/StarterContent/Materials/M_Basic_Wall.M_Basic_Wall","0","0","23","1","0.000000","0","0"
"/Game/StarterContent/Materials/M_Basic_Floor.M_Basic_Floor","0","0","23","1","0.000000","0","0"
"/Game/StarterContent/Blueprints/Assets/M_LightStage_Arrows.M_LightStage_Arrows","0","0","4","1","0.000000","0","0"
"/Game/StarterContent/Materials/M_AssetPlatform.M_AssetPlatform","0","0","23","1","0.000000","0","0"
"/Game/StarterContent/Blueprints/Assets/M_LightStage_Skybox_Master.M_LightStage_Skybox_Master","0","0","8","2","0.000000","0","0"
"/Engine/EditorMaterials/PreviewShadowIndicatorMaterial.PreviewShadowIndicatorMaterial","0","0","35","1","0.000000","0","0"
"/Engine/EngineMaterials/AntiAliasedTextMaterialTranslucent.AntiAliasedTextMaterialTranslucent","0","0","20","1","0.000000","0","0"
"/Engine/EngineMaterials/PPM_DefaultCalibrationColor.PPM_DefaultCalibrationColor","0","0","4","1","0.000000","0","0"
"/Engine/EngineMaterials/PPM_DefaultCalibrationGrayscale.PPM_DefaultCalibrationGrayscale","0","0","4","1","0.000000","0","0"
"/SpeedTreeImporter/SpeedTree9/SpeedTreeBillboardMaster.SpeedTreeBillboardMaster","0","0","58","1","0.000000","0","0"
"/Game/StarterContent/Particles/Materials/M_radial_ramp.M_radial_ramp","0","0","12","1","0.000000","0","0"
"/Game/StarterContent/Materials/M_ColorGrid_LowSpec.M_ColorGrid_LowSpec","0","0","23","1","0.000000","0","0"
"/Game/StarterContent/Materials/M_Metal_Rust.M_Metal_Rust","0","0","23","1","0.000000","0","0"
"/SpeedTreeImporter/SpeedTree9/SpeedTreeMaster.SpeedTreeMaster","0","0","84","1","0.000000","0","0"
"/Engine/EditorMeshes/ColorCalibrator/M_ColorGrid.M_ColorGrid","0","0","35","1","0.000000","0","0"
"/Game/StarterContent/Materials/M_Tech_Hex_Tile.M_Tech_Hex_Tile","0","0","23","1","0.000000","0","0"
"/Game/StarterContent/Materials/M_Wood_Floor_Walnut_Worn.M_Wood_Floor_Walnut_Worn","0","0","23","1","0.000000","0","0"
"/Game/StarterContent/Materials/M_Water_Ocean.M_Water_Ocean","0","0","23","1","0.000000","0","0"
"/Engine/EngineSky/M_Sky_Panning_Clouds2.M_Sky_Panning_Clouds2","0","0","4","1","0.000000","0","0"
"/Game/StarterContent/Props/Materials/M_Rock.M_Rock","0","0","23","1","0.000000","0","0"
"/Game/StarterContent/Particles/Materials/M_explosion_subUV.M_explosion_subUV","0","0","9","1","0.000000","0","0"
"/Engine/BasicShapes/BasicShapeMaterial.BasicShapeMaterial","0","0","67","1","0.000000","0","0"
"/Game/StarterContent/Materials/M_Brick_Hewn_Stone.M_Brick_Hewn_Stone","0","0","23","1","0.000000","0","0"
"/Niagara/DefaultAssets/DefaultSpriteMaterial.DefaultSpriteMaterial","0","0","35","1","0.000000","0","0"
"/Engine/EngineSky/M_SimpleSkyDome.M_SimpleSkyDome","0","0","4","1","0.000000","0","0"
"/Game/StarterContent/Particles/Materials/M_Burst.M_Burst","0","0","15","1","0.000000","0","0"
"/Engine/EditorMeshes/ColorCalibrator/M_ChromeBall.M_ChromeBall","0","0","35","1","0.000000","0","0"
"/Game/StarterContent/Materials/M_Brick_Clay_Old.M_Brick_Clay_Old","0","0","23","1","0.000000","0","0"
"/Engine/EngineMaterials/FlattenMaterial_WS_Normal_VT.FlattenMaterial_WS_Normal_VT","0","0","35","1","0.000000","0","0"
"/Game/StarterContent/Materials/M_Brick_Cut_Stone.M_Brick_Cut_Stone","0","0","23","1","0.000000","0","0"
"/Game/StarterContent/Materials/M_CobbleStone_Pebble.M_CobbleStone_Pebble","0","0","23","1","0.000000","0","0"
"/Game/StarterContent/Props/Materials/M_Chair.M_Chair","0","0","23","1","0.000000","0","0"
"/Engine/EditorMeshes/ColorCalibrator/M_ClearCoat.M_ClearCoat","0","0","23","1","0.000000","0","0"
"/Game/StarterContent/Materials/M_CobbleStone_Rough.M_CobbleStone_Rough","0","0","23","1","0.000000","0","0"
"/Game/StarterContent/Props/Materials/M_Bush.M_Bush","0","0","42","1","0.000000","0","0"
"/Engine/VREditor/TransformGizmo/TransformGizmoMaterial.TransformGizmoMaterial","0","0","4","1","0.000000","0","0"
"/Game/StarterContent/Particles/Materials/M_Fire_SubUV.M_Fire_SubUV","0","0","9","1","0.000000","0","0"
"/Engine/EditorMeshes/ColorCalibrator/M_ClearCoatBlack.M_ClearCoatBlack","0","0","23","1","0.000000","0","0"
"/Game/StarterContent/Materials/M_Brick_Clay_New.M_Brick_Clay_New","0","0","23","1","0.000000","0","0"
"/Game/StarterContent/Materials/M_Concrete_Panels.M_Concrete_Panels","0","0","23","1","0.000000","0","0"
"/Game/StarterContent/Materials/M_Concrete_Poured.M_Concrete_Poured","0","0","23","1","0.000000","0","0"
"/Game/StarterContent/Materials/M_CobbleStone_Smooth.M_CobbleStone_Smooth","0","0","23","1","0.000000","0","0"
"/Game/StarterContent/Materials/M_Tech_Checker_Dot.M_Tech_Checker_Dot","0","0","23","1","0.000000","0","0"
"/Game/StarterContent/Materials/M_Concrete_Grime.M_Concrete_Grime","0","0","23","1","0.000000","0","0"
"/Game/StarterContent/Materials/M_Ceramic_Tile_Checker.M_Ceramic_Tile_Checker","0","0","23","1","0.000000","0","0"
"/Game/StarterContent/Materials/M_Brick_Clay_Beveled.M_Brick_Clay_Beveled","0","0","23","1","0.000000","0","0"
"/Game/StarterContent/Materials/M_Concrete_Tiles.M_Concrete_Tiles","0","0","23","1","0.000000","0","0"
"/Game/StarterContent/Props/Materials/M_Frame.M_Frame","0","0","23","1","0.000000","0","0"
"/Game/StarterContent/Particles/Materials/M_Dust_Particle.M_Dust_Particle","0","0","72","1","0.000000","0","0"
"/Game/StarterContent/Props/Materials/M_Door.M_Door","0","0","23","1","0.000000","0","0"
"/Game/StarterContent/Materials/M_Ground_Moss.M_Ground_Moss","0","0","23","1","0.000000","0","0"
"/Game/StarterContent/Materials/M_Ground_Gravel.M_Ground_Gravel","0","0","23","1","0.000000","0","0"
"/Game/StarterContent/Materials/M_Ground_Grass.M_Ground_Grass","0","0","23","1","0.000000","0","0"
"/Game/StarterContent/Props/Materials/M_Lamp.M_Lamp","0","0","23","1","0.000000","0","0"
"/Game/StarterContent/Materials/M_Wood_Floor_Walnut_Polished.M_Wood_Floor_Walnut_Polished","0","0","23","1","0.000000","0","0"
"/Game/StarterContent/Materials/M_Metal_Burnished_Steel.M_Metal_Burnished_Steel","0","0","23","1","0.000000","0","0"
"/Game/StarterContent/Materials/M_Metal_Brushed_Nickel.M_Metal_Brushed_Nickel","0","0","23","1","0.000000","0","0"
"/Engine/EditorMeshes/ColorCalibrator/M_GreyBall.M_GreyBall","0","0","35","1","0.000000","0","0"
"/Game/StarterContent/Materials/M_Metal_Copper.M_Metal_Copper","0","0","23","1","0.000000","0","0"
"/Game/StarterContent/Materials/M_Metal_Chrome.M_Metal_Chrome","0","0","23","1","0.000000","0","0"
"/Game/StarterContent/Materials/M_Metal_Gold.M_Metal_Gold","0","0","23","1","0.000000","0","0"
"/Game/StarterContent/Materials/M_Metal_Steel.M_Metal_Steel","0","0","23","1","0.000000","0","0"
"/Game/StarterContent/Materials/M_Rock_Basalt.M_Rock_Basalt","0","0","23","1","0.000000","0","0"
"/Game/StarterContent/Materials/M_Rock_Slate.M_Rock_Slate","0","0","23","1","0.000000","0","0"
"/Game/StarterContent/Materials/M_Rock_Sandstone.M_Rock_Sandstone","0","0","23","1","0.000000","0","0"
"/Game/StarterContent/Particles/Materials/M_Spark.M_Spark","0","0","9","1","0.000000","0","0"
"/Game/StarterContent/Materials/M_Tech_Panel.M_Tech_Panel","0","0","23","1","0.000000","0","0"
"/Game/StarterContent/Materials/M_Tech_Hex_Tile_Pulse.M_Tech_Hex_Tile_Pulse","0","0","23","1","0.000000","0","0"
"/Game/StarterContent/Materials/M_Wood_Oak.M_Wood_Oak","0","0","23","1","0.000000","0","0"
"/Game/StarterContent/Materials/M_Wood_Pine.M_Wood_Pine","0","0","23","1","0.000000","0","0"
"/Game/StarterContent/Materials/M_Water_Lake.M_Water_Lake","0","0","23","1","0.000000","0","0"
"/Game/StarterContent/Materials/M_Rock_Marble_Polished.M_Rock_Marble_Polished","0","0","23","1","0.000000","0","0"
"/Game/StarterContent/Materials/M_Wood_Walnut.M_Wood_Walnut","0","0","23","1","0.000000","0","0"
"/Game/StarterContent/Particles/Materials/M_smoke_subUV.M_smoke_subUV","0","0","54","1","0.000000","0","0"
"/Game/StarterContent/Props/Materials/M_Shelf.M_Shelf","0","0","23","1","0.000000","0","0"
"/Game/StarterContent/Props/Materials/M_StatueGlass.M_StatueGlass","0","0","33","1","0.000000","0","0"
"/Game/StarterContent/Props/Materials/M_Statue.M_Statue","0","0","23","1","0.000000","0","0"
"/Game/StarterContent/Particles/Materials/M_Heat_Distortion.M_Heat_Distortion","0","0","21","1","0.000000","0","0"
"/Game/StarterContent/Props/Materials/M_TableRound.M_TableRound","0","0","23","1","0.000000","0","0"
"/Engine/EngineMaterials/DefaultTextMaterialOpaque.DefaultTextMaterialOpaque","0","0","29","1","0.000000","0","0"
"/Engine/EngineMaterials/FlattenMaterial.FlattenMaterial","0","0","35","1","0.000000","0","0"
"/Engine/EngineMaterials/M_InvalidLightmapSettings.M_InvalidLightmapSettings","0","0","28","1","0.000000","0","0"
"/Engine/EngineMaterials/EmissiveMeshMaterial.EmissiveMeshMaterial","0","0","5","1","0.000000","0","0"
"/Engine/EngineMaterials/WorldGridMaterial.WorldGridMaterial","0","0","637","1","0.000000","0","0"
"/Engine/EngineMaterials/PhAT_JointLimitMaterial.PhAT_JointLimitMaterial","0","0","7","1","0.000000","0","0"
"/Engine/EngineSky/VolumetricClouds/m_SimpleVolumetricCloud.m_SimpleVolumetricCloud","0","0","68","1","0.000000","0","0"
"/Engine/EngineMaterials/DefaultPostProcessMaterial.DefaultPostProcessMaterial","0","0","6","1","0.000000","0","0"
"/Engine/EngineMaterials/DefaultDeferredDecalMaterial.DefaultDeferredDecalMaterial","0","0","87","1","0.000000","0","0"
"/Engine/EngineMaterials/DefaultMaterial.DefaultMaterial","0","0","127","1","0.000000","0","0"
"/Engine/EngineMaterials/FlattenMaterial_VT.FlattenMaterial_VT","0","0","35","1","0.000000","0","0"
"/Engine/EngineDebugMaterials/M_VolumeRenderSphereTracePP.M_VolumeRenderSphereTracePP","0","0","4","1","0.000000","0","0"
"/ControlRig/M_Manip.M_Manip","0","0","7","1","0.000000","0","0"
"Globals","14","1101","0","1","0.000000","0","0"
"/ControlRig/Controls/ControlRigGizmoMaterial.ControlRigGizmoMaterial","14","2","2","1","2.235919","0","3"
"/Engine/EngineDebugMaterials/DebugEditorMaterial.DebugEditorMaterial","14","6","1","1","5.105177","0","21"
"/MeshModelingToolset/Materials/M_DynamicMeshComponentVtxColor.M_DynamicMeshComponentVtxColor","14","19","1","1","154.941208","0","56"
"/Engine/EditorMaterials/PhAT_NoCollisionMaterial.PhAT_NoCollisionMaterial","14","2","2","1","2.541377","0","2"
"/Engine/EditorMaterials/PhAT_UnselectedMaterial.PhAT_UnselectedMaterial","14","2","2","1","2.166088","0","3"
"/Engine/EngineMaterials/GizmoMaterial.GizmoMaterial","14","6","6","1","4.847136","0","6"
"/Engine/EngineMaterials/NaniteHiddenSectionMaterial.NaniteHiddenSectionMaterial","14","22","4","1","157.267502","0","123"
"/Engine/EngineDebugMaterials/DebugMeshMaterial.DebugMeshMaterial","14","4","4","1","6.461921","0","5"
"/Engine/EngineMaterials/RemoveSurfaceMaterial.RemoveSurfaceMaterial","14","2","2","1","6.679383","0","2"
"/ControlRig/Controls/ControlRigXRayMaterial.ControlRigXRayMaterial","14","6","6","1","62.727283","0","8"
"/Engine/EditorLandscapeResources/SplineEditorMeshMat.SplineEditorMeshMat","14","12","1","1","16.165791","0","49"
"/Engine/EngineDebugMaterials/M_SimpleUnlitTranslucent.M_SimpleUnlitTranslucent","14","2","2","1","2.901514","0","3"
"/Engine/EditorMaterials/Camera/CineMat.CineMat","14","30","8","1","163.011383","0","223"
"/Engine/VREditor/TransformGizmo/Xray.Xray","14","15","1","1","115.267052","0","115"
"/Engine/VREditor/TransformGizmo/Main.Main","14","2","2","1","1.504904","0","3"
"/Engine/VREditor/TransformGizmo/TranslucentTransformGizmoMaterial.TranslucentTransformGizmoMaterial","14","2","2","1","1.282919","0","3"
"/Engine/EngineMaterials/DefaultLightFunctionMaterial.DefaultLightFunctionMaterial","14","2","2","1","0.823976","0","3"
"/Game/StarterContent/Particles/Materials/m_flare_01.m_flare_01","14","8","1","1","6.547524","0","43"
"/Game/StarterContent/Materials/M_Glass.M_Glass","14","32","1","1","27.035839","0","530"
"/Game/StarterContent/Materials/M_Basic_Wall.M_Basic_Wall","14","45","1","1","65.756470","0","1037"
"/Game/StarterContent/Materials/M_Basic_Floor.M_Basic_Floor","14","45","1","1","92.136833","0","1051"
"/Game/StarterContent/Materials/M_AssetPlatform.M_AssetPlatform","14","45","1","1","144.244217","0","1053"
"/Game/StarterContent/Blueprints/Assets/M_LightStage_Arrows.M_LightStage_Arrows","14","2","2","1","2.106488","0","3"
"/Engine/BasicShapes/BasicShapeMaterial.BasicShapeMaterial","14","135","1","1","206.567749","0","8927"
"/Niagara/DefaultAssets/DefaultSpriteMaterial.DefaultSpriteMaterial","14","30","1","1","21.070665","0","445"
"/Engine/EngineSky/M_SimpleSkyDome.M_SimpleSkyDome","14","2","2","1","1.352829","0","3"
"/Engine/EditorMeshes/ColorCalibrator/M_ChromeBall.M_ChromeBall","14","60","1","1","93.914284","0","1856"
"/Engine/EngineMaterials/FlattenMaterial_WS_Normal_VT.FlattenMaterial_WS_Normal_VT","14","60","1","1","104.808464","0","1804"
"/Engine/EditorMeshes/ColorCalibrator/M_ClearCoat.M_ClearCoat","14","45","1","1","80.327484","0","1045"
"/Engine/EditorMeshes/ColorCalibrator/M_ClearCoatBlack.M_ClearCoatBlack","14","45","1","1","73.888222","0","1044"
"/Engine/EditorMeshes/ColorCalibrator/M_GreyBall.M_GreyBall","14","60","1","1","126.932846","0","1738"
"/Engine/EngineMaterials/FlattenMaterial.FlattenMaterial","14","60","1","1","124.736855","0","1770"
"/Engine/EngineMaterials/M_InvalidLightmapSettings.M_InvalidLightmapSettings","14","30","1","1","61.896755","0","447"
"/Engine/EngineMaterials/EmissiveMeshMaterial.EmissiveMeshMaterial","14","4","1","1","3.308137","0","11"
"/Paper2D/DefaultSpriteMaterial.DefaultSpriteMaterial","14","32","13","2","38.045464","0","246"
"/Engine/EngineMaterials/FlattenMaterial_VT.FlattenMaterial_VT","14","60","2","1","114.865829","0","1488"
"/ControlRig/M_Manip.M_Manip","14","6","1","1","3.283308","0","26"
"/Engine/EngineDebugMaterials/M_VolumeRenderSphereTracePP.M_VolumeRenderSphereTracePP","14","4","1","1","5.069208","0","13"
"/Engine/EngineMaterials/PhAT_JointLimitMaterial.PhAT_JointLimitMaterial","14","6","1","1","3.121738","0","26"
"/Engine/VREditor/TransformGizmo/TransformGizmoMaterial.TransformGizmoMaterial","14","2","2","1","1.835730","0","3"
"/Engine/EngineMaterials/Widget3DPassThrough.Widget3DPassThrough","14","34","26","6","30.023300","0","86"
"/Engine/EngineSky/VolumetricClouds/m_SimpleVolumetricCloud.m_SimpleVolumetricCloud","14","10","1","1","9.676598","0","64"
"/Engine/EngineMaterials/DefaultPostProcessMaterial.DefaultPostProcessMaterial","14","6","1","1","2.951172","0","26"
"/Engine/EngineMaterials/DefaultDeferredDecalMaterial.DefaultDeferredDecalMaterial","14","77","10","1","109.613190","0","1787"
"/Engine/EngineMaterials/DefaultMaterial.DefaultMaterial","14","210","9","1","400.600403","0","9698"
"/Engine/EngineMaterials/WorldGridMaterial.WorldGridMaterial","14","658","2","1","1162.452393","0","82669"
"/Engine/EngineMaterials/DefaultTextMaterialOpaque.DefaultTextMaterialOpaque","14","23","1","1","29.259323","0","223"
"/Game/StarterContent/Particles/Materials/M_Heat_Distortion.M_Heat_Distortion","14","18","1","1","12.364017","0","173"
"/Game/StarterContent/Props/Materials/M_TableRound.M_TableRound","14","45","1","1","79.914215","0","873"
"/Game/StarterContent/Props/Materials/M_StatueGlass.M_StatueGlass","14","32","1","1","29.875332","0","453"
"/Game/StarterContent/Props/Materials/M_Statue.M_Statue","14","45","1","1","112.281120","0","770"
"/Game/StarterContent/Props/Materials/M_Shelf.M_Shelf","14","45","1","1","79.198540","0","882"
"/Game/StarterContent/Particles/Materials/M_Spark.M_Spark","14","6","1","1","4.636787","0","26"
"/Game/StarterContent/Particles/Materials/M_smoke_subUV.M_smoke_subUV","14","30","1","1","32.711174","0","494"
"/Game/StarterContent/Materials/M_Water_Lake.M_Water_Lake","14","45","1","1","92.318863","0","807"
"/Game/StarterContent/Materials/M_Rock_Marble_Polished.M_Rock_Marble_Polished","14","45","1","1","81.049736","0","803"
"/Game/StarterContent/Materials/M_Wood_Walnut.M_Wood_Walnut","14","45","1","1","70.098831","0","882"
"/Game/StarterContent/Materials/M_Wood_Pine.M_Wood_Pine","14","45","1","1","77.168312","0","798"
"/Game/StarterContent/Materials/M_Wood_Oak.M_Wood_Oak","14","45","1","1","90.852943","0","806"
"/Game/StarterContent/Materials/M_Tech_Panel.M_Tech_Panel","14","45","1","1","83.835449","0","938"
"/Game/StarterContent/Materials/M_Tech_Hex_Tile_Pulse.M_Tech_Hex_Tile_Pulse","14","45","1","1","94.096245","0","736"
"/Game/StarterContent/Materials/M_Rock_Slate.M_Rock_Slate","14","45","1","1","89.778442","0","884"
"/Game/StarterContent/Materials/M_Rock_Sandstone.M_Rock_Sandstone","14","45","2","1","87.689323","0","993"
"/Game/StarterContent/Materials/M_Rock_Basalt.M_Rock_Basalt","14","45","1","1","88.660683","0","953"
"/Game/StarterContent/Materials/M_Metal_Steel.M_Metal_Steel","14","45","1","1","83.556847","0","907"
"/Game/StarterContent/Materials/M_Metal_Gold.M_Metal_Gold","14","45","1","1","84.522163","0","982"
"/Game/StarterContent/Materials/M_Wood_Floor_Walnut_Polished.M_Wood_Floor_Walnut_Polished","14","45","1","1","92.227844","0","999"
"/Game/StarterContent/Materials/M_Metal_Copper.M_Metal_Copper","14","45","1","1","78.309456","0","1036"
"/Game/StarterContent/Materials/M_Metal_Chrome.M_Metal_Chrome","14","45","1","1","78.832108","0","1079"
"/Game/StarterContent/Materials/M_Metal_Burnished_Steel.M_Metal_Burnished_Steel","14","45","1","1","82.841713","0","1079"
"/Game/StarterContent/Materials/M_Metal_Brushed_Nickel.M_Metal_Brushed_Nickel","14","45","1","1","92.429604","0","841"
"/Game/StarterContent/Props/Materials/M_Lamp.M_Lamp","14","45","1","1","79.525665","0","924"
"/Game/StarterContent/Materials/M_Ground_Moss.M_Ground_Moss","14","45","1","1","87.002075","0","993"
"/Game/StarterContent/Materials/M_Ground_Gravel.M_Ground_Gravel","14","45","1","1","72.064491","0","1035"
"/Game/StarterContent/Materials/M_Ground_Grass.M_Ground_Grass","14","45","1","1","76.353218","0","989"
"/Game/StarterContent/Props/Materials/M_Frame.M_Frame","14","45","1","1","78.361290","0","1035"
"/Game/StarterContent/Particles/Materials/M_Fire_SubUV.M_Fire_SubUV","14","6","1","1","5.312026","0","26"
"/Game/StarterContent/Particles/Materials/M_explosion_subUV.M_explosion_subUV","14","6","1","1","5.137073","0","26"
"/Game/StarterContent/Particles/Materials/M_Dust_Particle.M_Dust_Particle","14","40","1","1","46.392731","0","794"
"/Game/StarterContent/Props/Materials/M_Door.M_Door","14","45","1","1","82.650818","0","996"
"/Game/StarterContent/Materials/M_Concrete_Tiles.M_Concrete_Tiles","14","45","1","1","77.832512","0","1035"
"/Game/StarterContent/Materials/M_Concrete_Poured.M_Concrete_Poured","14","45","2","1","85.144142","0","1033"
"/Game/StarterContent/Materials/M_Concrete_Panels.M_Concrete_Panels","14","45","1","1","72.493950","0","1053"
"/Game/StarterContent/Materials/M_CobbleStone_Smooth.M_CobbleStone_Smooth","14","45","1","1","74.828049","0","1053"
"/Game/StarterContent/Materials/M_Concrete_Grime.M_Concrete_Grime","14","45","1","1","73.018280","0","1033"
"/Game/StarterContent/Materials/M_CobbleStone_Rough.M_CobbleStone_Rough","14","45","1","1","73.477867","0","1017"
"/Game/StarterContent/Materials/M_Tech_Checker_Dot.M_Tech_Checker_Dot","14","45","1","1","77.263794","0","1073"
"/Game/StarterContent/Props/Materials/M_Chair.M_Chair","14","45","1","1","76.324837","0","1052"
"/Game/StarterContent/Materials/M_Ceramic_Tile_Checker.M_Ceramic_Tile_Checker","14","45","1","1","82.400467","0","1035"
"/Game/StarterContent/Props/Materials/M_Bush.M_Bush","14","53","1","1","79.441338","0","1483"
"/Game/StarterContent/Particles/Materials/M_Burst.M_Burst","14","12","1","1","6.892990","0","89"
"/Game/StarterContent/Materials/M_Brick_Hewn_Stone.M_Brick_Hewn_Stone","14","45","1","1","77.282837","0","1057"
"/Game/StarterContent/Materials/M_Brick_Cut_Stone.M_Brick_Cut_Stone","14","45","1","1","65.793556","0","1046"
"/Game/StarterContent/Materials/M_Brick_Clay_Old.M_Brick_Clay_Old","14","45","1","1","77.072426","0","1044"
"/Game/StarterContent/Materials/M_Brick_Clay_New.M_Brick_Clay_New","14","45","1","1","76.831482","0","1046"
"/Game/StarterContent/Materials/M_Brick_Clay_Beveled.M_Brick_Clay_Beveled","14","45","1","1","81.029709","0","1048"
"/Game/StarterContent/Materials/M_CobbleStone_Pebble.M_CobbleStone_Pebble","14","45","1","1","77.998283","0","1079"
"/Game/StarterContent/Props/Materials/M_Rock.M_Rock","14","45","1","1","82.272972","0","1079"
"/Engine/EngineMaterials/PPM_DefaultCalibrationGrayscale.PPM_DefaultCalibrationGrayscale","14","4","1","1","2.100100","0","13"
"/Engine/EngineMaterials/PPM_DefaultCalibrationColor.PPM_DefaultCalibrationColor","14","4","1","1","2.026327","0","13"
"/Engine/EditorMaterials/PreviewShadowIndicatorMaterial.PreviewShadowIndicatorMaterial","14","2","2","1","1.327468","0","3"
"/Engine/EngineSky/M_Sky_Panning_Clouds2.M_Sky_Panning_Clouds2","14","2","2","1","1.453686","0","3"
"/Game/StarterContent/Materials/M_Water_Ocean.M_Water_Ocean","14","45","2","1","87.775276","0","1077"
"/Game/StarterContent/Materials/M_Tech_Hex_Tile.M_Tech_Hex_Tile","14","45","2","1","119.416290","0","1067"
"/Game/StarterContent/Materials/M_Metal_Rust.M_Metal_Rust","14","45","1","1","80.214706","0","1079"
"/Game/StarterContent/Particles/Materials/M_radial_ramp.M_radial_ramp","14","8","1","1","8.708819","0","43"
"/Game/StarterContent/Materials/M_Wood_Floor_Walnut_Worn.M_Wood_Floor_Walnut_Worn","14","45","1","1","86.441780","0","1051"
"/Game/StarterContent/Materials/M_ColorGrid_LowSpec.M_ColorGrid_LowSpec","14","45","1","1","101.507637","0","1004"
"/Game/StarterContent/Blueprints/Assets/M_LightStage_Skybox_Master.M_LightStage_Skybox_Master","14","4","4","2","3.233875","0","6"
"/Engine/EngineMaterials/AntiAliasedTextMaterialTranslucent.AntiAliasedTextMaterialTranslucent","14","12","1","1","11.533128","0","89"
"/Engine/EditorMeshes/ColorCalibrator/M_ColorGrid.M_ColorGrid","14","60","5","1","117.237740","0","1770"
"/SpeedTreeImporter/SpeedTree9/SpeedTreeBillboardMaster.SpeedTreeBillboardMaster","14","46","3","1","89.913780","0","1117"
"/SpeedTreeImporter/SpeedTree9/SpeedTreeMaster.SpeedTreeMaster","14","106","1","1","279.865692","0","4391"
"","14","1","0","1","0.000000","1","0"
"/Engine/EditorMaterials/Thumbnails/SkySphereMaterial.SkySphereMaterial","14","45","6","1","113.412384","0","235"
"/Game/sA_PickupSet_1/Materials/M_sA_Aura.M_sA_Aura","14","16","6","1","73.156082","0","58"
"/Game/sA_PickupSet_1/Materials/M_Ground.M_Ground","14","30","3","1","90.501953","45","414"
"/Game/Asian_Village/materials/cliff_materials/M_cliff.M_cliff","14","45","1","1","79.113869","0","867"
"/Game/Asian_Village/materials/building_materials/M_building_wood.M_building_wood","14","180","14","2","405.559387","0","4919"
"/Game/TopDownLogic/Other/Character/ThirdPerson/Meshes/M_RampMaterial.M_RampMaterial","14","45","1","1","66.896965","0","629"
"/Game/Asian_Village/materials/building_materials/base_materials/M_stone_tiles.M_stone_tiles","14","45","1","1","73.020226","0","598"
"/Game/Asian_Village/materials/landscape_materials/M_landscape_material.M_landscape_material","14","45","6","1","65.963753","0","581"
"/Game/StarterContent/Props/Materials/M_MaterialSphere_Plain.M_MaterialSphere_Plain","14","15","1","1","21.553236","0","68"
"/Game/StarterContent/Props/Materials/M_MaterialSphere.M_MaterialSphere","14","15","1","1","24.276737","0","67"
"/Game/TopDownLogic/Other/Character/Geometry/Meshes/M_CubeMaterial.M_CubeMaterial","14","45","7","1","70.329376","0","548"
"/Game/Asian_Village/materials/building_materials/M_building_metal.M_building_metal","14","45","4","1","121.128670","0","476"
"/Game/Asian_Village/materials/building_materials/M_block_foundation.M_block_foundation","14","45","5","1","113.616653","0","398"
"/Game/Asian_Village/materials/building_materials/M_column_decoration.M_column_decoration","14","45","1","1","124.304527","0","403"
"/Game/Asian_Village/materials/trees_materials/M_bark.M_bark","14","156","8","1","386.775879","0","7135"
"/Game/TopDownLogic/Other/Character/Mannequin/Character/Materials/M_UE4Man_Body.M_UE4Man_Body","14","92","9","2","142.323044","0","1123"
"/Game/Asian_Village/materials/building_materials/M_door.M_door","14","45","3","1","91.498283","0","407"
"/Game/Asian_Village/materials/building_materials/M_thatched_roof.M_thatched_roof","14","53","3","1","112.638000","0","886"
"/Game/Asian_Village/materials/building_materials/M_wooden_fence.M_wooden_fence","14","90","6","1","218.751602","0","1570"
"/Game/sA_PickupSet_1/Materials/M_Master_Fresnel.M_Master_Fresnel","14","30","4","1","82.151947","0","190"
"/Game/sA_PickupSet_1/Materials/M_Master_MetalFX.M_Master_MetalFX","14","46","7","1","111.936646","0","353"
"/Game/Assets/Level/Materials/Transp/M_Shop_TSP.M_Shop_TSP","14","10","2","1","11.858792","0","35"
"/Game/Assets/VFX/Explosion/M_poof.M_poof","14","30","5","1","52.799591","0","337"
"/Game/Assets/Level/Materials/Dungoen_Stone_Mid_SHD.Dungoen_Stone_Mid_SHD","14","15","1","1","21.711668","0","52"
"/Game/Assets/Characters/Gobelin/Materials/Goblin_Teeth_SHD.Goblin_Teeth_SHD","14","30","8","1","49.900417","0","234"
"/Game/Assets/Level/Materials/Dungoen_Stone_Light_SHD.Dungoen_Stone_Light_SHD","14","15","4","1","20.124109","0","99"
"/Game/Assets/Level/Materials/Dungeon_Spawn_SHD.Dungeon_Spawn_SHD","14","15","6","1","18.449381","0","93"
"/Game/Asian_Village/materials/water_materials/M_water.M_water","14","8","4","1","4.553533","0","22"
"/Game/Asian_Village/materials/water_materials/M_waterfall.M_waterfall","14","8","1","1","4.305026","0","38"
"/Game/sA_PickupSet_1/Materials/M_Master_RadialBeam.M_Master_RadialBeam","14","6","6","1","4.744888","0","10"
"/Game/Assets/VFX/Hit/M_Hit.M_Hit","14","20","4","1","12.482685","0","104"
"/Game/Assets/Characters/Gobelin/Materials/Goblin_Skin_SHD.Goblin_Skin_SHD","14","30","6","1","39.727932","0","274"
"/Game/Assets/Characters/Gobelin/Materials/Goblin_PinkSkin_SHD.Goblin_PinkSkin_SHD","14","30","5","1","42.037003","0","152"
"/Game/Assets/Characters/Barbarian/Material/Barbarian_Horn_SHD.Barbarian_Horn_SHD","14","30","5","1","40.087223","0","338"
"/Game/Assets/Characters/Gobelin/Materials/Goblin_Red_SHD.Goblin_Red_SHD","14","30","4","1","41.700100","0","360"
"/Game/Asian_Village/materials/plants_materials/M_grass.M_grass","14","106","3","1","161.852417","0","2106"
"/Game/Asian_Village/materials/trees_materials/M_foliage_bamboo.M_foliage_bamboo","14","106","4","1","173.165970","0","1786"
"/Game/Assets/Characters/Barbarian/Material/Barbarian_Eye_Pupil.Barbarian_Eye_Pupil","14","30","2","1","43.237381","0","246"
"/Game/Assets/Characters/Barbarian/Material/Barbarian_EyeGlobe_SHD.Barbarian_EyeGlobe_SHD","14","30","8","1","44.647587","0","143"
"/Game/Assets/Characters/Barbarian/Material/Barbarian_Hair_SHD.Barbarian_Hair_SHD","14","30","6","1","41.001671","0","382"
"/Game/Asian_Village/materials/props_materials/M_statue.M_statue","14","45","1","1","63.995655","0","717"
"/Game/Asian_Village/materials/props_materials/M_lantern.M_lantern","14","45","5","1","68.427879","0","410"
"/Game/Assets/Characters/Barbarian/Material/Axe_MetalWarm_SHD.Axe_MetalWarm_SHD","14","15","1","1","19.757126","0","52"
"/Game/Assets/Characters/Barbarian/Material/Axe_MetalCold_SHD.Axe_MetalCold_SHD","14","15","1","1","19.731054","0","94"
"/Game/TopDownLogic/Other/Materials/OutlinePP_Mat.OutlinePP_Mat","14","4","2","1","1.556932","0","11"
"/Game/Assets/VFX/Fog/M_Fog.M_Fog","14","10","2","1","8.055799","0","34"
"/Game/Asian_Village/materials/props_materials/M_flag_banner.M_flag_banner","14","45","1","1","66.380104","0","745"
"/Game/Asian_Village/materials/water_materials/M_water_noise.M_water_noise","14","52","6","1","68.691505","0","1015"
"/Game/Assets/Characters/Barbarian/Material/Axe_MetalBright_SHD.Axe_MetalBright_SHD","14","15","1","1","20.972473","0","83"
"/Game/Asian_Village/materials/trees_materials/M_foliage.M_foliage","14","106","7","1","178.640228","0","1717"
"/Game/Assets/Characters/Barbarian/Material/Axe_Leather_Dark_SHD.Axe_Leather_Dark_SHD","14","15","3","1","21.881838","0","66"
"/Game/Assets/Characters/Gobelin/Materials/Goblin_Leather_Light_SHD.Goblin_Leather_Light_SHD","14","30","2","1","45.125439","0","248"
"/Game/Asian_Village/materials/decals_materials/M_decal_dirt.M_decal_dirt","14","13","3","1","9.308199","0","42"
"/Game/Assets/VFX/Explosion/M_Shockwave.M_Shockwave","14","4","4","1","3.505450","0","7"
"/Game/Assets/Characters/Gobelin/Materials/Goblin_Leather_Dark_SHD.Goblin_Leather_Dark_SHD","14","30","5","1","38.922970","0","271"
"/Game/StarterContent/Particles/Materials/M_Radial_Gradient.M_Radial_Gradient","14","10","6","1","8.827067","0","44"
"/Game/Assets/VFX/Portal/M_Portal.M_Portal","14","24","6","1","20.672968","0","193"
"/Game/Assets/Characters/Gobelin/Materials/Goblin_MetalCold_SHD.Goblin_MetalCold_SHD","14","30","1","1","51.908035","0","293"
"/Game/Assets/Characters/Barbarian/Material/Barabrian_Cape_SHD.Barabrian_Cape_SHD","14","38","2","1","47.260742","0","460"
"/Game/Assets/Characters/Gobelin/Materials/Goblin_Hair_SHD.Goblin_Hair_SHD","14","30","4","1","40.910645","0","214"
"/Game/Assets/Characters/Gobelin/Materials/Goblin_Eye_Pupil_SHD.Goblin_Eye_Pupil_SHD","14","30","7","1","48.987183","0","290"
"/Game/Asian_Village/materials/plants_materials/M_plants.M_plants","14","106","4","1","198.727234","0","1190"
"/Game/Assets/Characters/Gobelin/Materials/Goblin_Dark_SHD.Goblin_Dark_SHD","14","30","5","1","46.090534","0","163"
"/Game/Assets/Characters/Barbarian/Material/Barbarian_Teeth_SHD.Barbarian_Teeth_SHD","14","30","6","1","41.762497","0","238"
"/Game/Assets/Level/Materials/Dummy/M_Body.M_Body","14","45","1","1","62.707104","0","951"
"/Game/Assets/Characters/Barbarian/Material/Barbarian_Skin_SHD.Barbarian_Skin_SHD","14","30","1","1","40.687950","0","401"
"/Game/Assets/VFX/Torch/Materials/M_Sparks.M_Sparks","14","30","8","1","20.407955","0","239"
"/Game/Assets/Characters/Gobelin/Materials/Goblin_EyeGlobe_SHD.Goblin_EyeGlobe_SHD","14","30","3","1","40.376190","0","249"
"/Game/Assets/Characters/Barbarian/Material/Barbarian_MetalWarm_SHD.Barbarian_MetalWarm_SHD","14","30","6","1","41.844921","0","265"
"/Game/Assets/Level/Materials/Dummy/M_head.M_head","14","45","7","1","67.669868","0","244"
"/Game/Assets/Characters/Barbarian/Material/Barbarian_MetalCold_SHD.Barbarian_MetalCold_SHD","14","30","3","1","39.978218","0","197"
"/Game/Assets/Level/Materials/M_Shop_Internal_Circle.M_Shop_Internal_Circle","14","15","5","1","21.922739","0","76"
"/Game/Assets/Level/Materials/Torch/Materials/Material_003.Material_003","14","45","7","1","67.839539","0","354"
"/Game/Assets/Level/Materials/M_Shop_External_Circle.M_Shop_External_Circle","14","15","3","1","22.249611","0","67"
"/Game/Assets/Characters/Barbarian/Material/Barbarian_Leather_Light_SHD.Barbarian_Leather_Light_SHD","14","30","3","1","42.224243","0","373"
"/Game/Assets/Level/Materials/Dummy/M_X.M_X","14","45","2","1","64.498360","0","826"
"/Game/Asian_Village/materials/building_materials/base_materials/M_base_color.M_base_color","14","45","6","1","67.436501","0","613"
"/Game/Assets/Level/Materials/Dummy/M_Pied.M_Pied","14","45","5","1","70.191132","0","291"
"/Game/Assets/Characters/Enemy/Materials/Bettle/M_Bettle.M_Bettle","14","30","1","1","44.867149","0","451"
"/Game/Assets/Characters/Barbarian/Material/Balle_SDH.Balle_SDH","14","15","3","1","23.194351","0","97"
"/Game/Assets/VFX/Blood/Mat/M_Blood.M_Blood","14","20","3","1","19.494896","0","85"
"/Game/Assets/Level/Materials/Torch/Materials/Material_001.Material_001","14","45","10","1","65.626015","0","446"
"/Game/Assets/Level/Materials/M_Door.M_Door","14","45","6","1","65.391647","0","346"
"/Game/Assets/Level/Materials/Torch/Materials/Material_004.Material_004","14","45","2","1","66.014740","0","690"
"/Game/Asian_Village/materials/sky_materials/M_sky.M_sky","14","32","5","1","26.997564","0","319"
"/Game/Assets/Level/Materials/Dummy/M_hat.M_hat","14","45","14","1","65.310143","0","380"
"/Game/Assets/VFX/Hits/Meshes/Mat?rials/M_Dummy_hit.M_Dummy_hit","14","30","1","1","45.233723","0","313"
"/Game/Assets/VFX/Heal/M_CrossHeal.M_CrossHeal","14","24","6","1","22.107666","0","144"
"/Game/Assets/Characters/Gobelin/Materials/Goblin_Hair2_SHD.Goblin_Hair2_SHD","14","30","6","1","42.057671","0","176"
"/Game/Assets/Characters/Barbarian/Material/Barbarian_Leather_Dark_SHD.Barbarian_Leather_Dark_SHD","14","30","5","1","45.200325","0","269"
"/Game/Assets/VFX/FIre/Mat/Fire.Fire","14","20","6","1","18.716095","0","185"
"/Game/Assets/Level/Materials/Torch/Materials/Material_002.Material_002","14","45","4","1","70.786591","0","437"
"/Game/Assets/Level/Materials/Torch/Materials/Material_005.Material_005","14","45","2","1","73.276665","0","484"
"/Game/Assets/Level/Materials/M_Pillar_C.M_Pillar_C","14","45","6","1","70.262810","0","278"
"/Game/Asian_Village/materials/building_materials/base_materials/M_wall_panel.M_wall_panel","14","45","4","1","105.973045","0","427"
"/Game/Asian_Village/materials/water_materials/M_water_bottom.M_water_bottom","14","45","1","1","114.051369","0","439"
"/Game/Assets/VFX/Dust/Mat/M_Dust.M_Dust","14","20","8","1","26.505634","0","122"
"/Game/Assets/Level/Materials/M_Pillar.M_Pillar","14","45","1","1","108.167953","0","406"
"/Game/Assets/Level/Materials/M_wall.M_wall","14","45","1","1","92.755836","0","366"
"/Game/Assets/VFX/Torch/Materials/Torch_01.Torch_01","14","28","3","1","28.481991","0","157"
"/Game/sA_PickupSet_1/Materials/M_AdditiveScrollNiagara.M_AdditiveScrollNiagara","14","16","3","1","14.620461","0","63"
"/Game/Assets/Level/Materials/M_Ground.M_Ground","14","51","9","1","124.956329","0","431"
"/Game/TopDownLogic/Other/Materials/M_AoE.M_AoE","14","13","13","1","17.286657","0","22"
"/Game/Assets/VFX/Rift/Faille.Faille","14","4","4","1","2.154303","0","4"
"Globals","49","5088","0","1","0.000000","0","0"
"/ControlRig/Controls/ControlRigGizmoMaterial.ControlRigGizmoMaterial","49","0","4","1","0.000000","0","0"
"/Engine/EngineDebugMaterials/DebugEditorMaterial.DebugEditorMaterial","49","0","6","1","0.000000","0","0"
"/Engine/EngineMaterials/RemoveSurfaceMaterial.RemoveSurfaceMaterial","49","0","4","1","0.000000","0","0"
"","49","1","0","1","0.000000","1","0"
"/ControlRig/Controls/ControlRigXRayMaterial.ControlRigXRayMaterial","49","0","7","1","0.000000","0","0"
"/Engine/EngineDebugMaterials/DebugMeshMaterial.DebugMeshMaterial","49","0","5","1","0.000000","0","0"
"/Engine/EditorMaterials/PhAT_NoCollisionMaterial.PhAT_NoCollisionMaterial","49","0","3","1","0.000000","0","0"
"/MeshModelingToolset/Materials/M_DynamicMeshComponentVtxColor.M_DynamicMeshComponentVtxColor","49","0","18","1","0.000000","0","0"
"/Game/sA_PickupSet_1/Materials/M_sA_Aura.M_sA_Aura","49","20","20","1","29.480934","0","20"
"/Engine/EngineMaterials/Widget3DPassThrough.Widget3DPassThrough","49","0","56","6","0.000000","0","0"
"/Engine/EngineMaterials/GizmoMaterial.GizmoMaterial","49","0","6","1","0.000000","0","0"
"/Paper2D/DefaultSpriteMaterial.DefaultSpriteMaterial","49","0","46","2","0.000000","0","0"
"/Engine/EngineMaterials/NaniteHiddenSectionMaterial.NaniteHiddenSectionMaterial","49","0","29","1","0.000000","0","0"
"/Engine/EditorMaterials/PhAT_UnselectedMaterial.PhAT_UnselectedMaterial","49","0","3","1","0.000000","0","0"
"/Engine/EditorLandscapeResources/SplineEditorMeshMat.SplineEditorMeshMat","49","0","10","1","0.000000","0","0"
"/Engine/EditorMaterials/Thumbnails/SkySphereMaterial.SkySphereMaterial","49","0","23","1","0.000000","0","0"
"/Engine/EngineDebugMaterials/M_SimpleUnlitTranslucent.M_SimpleUnlitTranslucent","49","0","3","1","0.000000","0","0"
"/Engine/EditorMaterials/Camera/CineMat.CineMat","49","0","26","1","0.000000","0","0"
"/Game/Asian_Village/materials/building_materials/M_building_wood.M_building_wood","49","88","9","2","101.169815","0","1092"
"/Game/sA_PickupSet_1/Materials/M_Ground.M_Ground","49","28","2","1","48.448353","42","366"
"/Game/Asian_Village/materials/cliff_materials/M_cliff.M_cliff","49","23","4","1","22.228605","0","132"
"/Engine/VREditor/TransformGizmo/Main.Main","49","0","3","1","0.000000","0","0"
"/Engine/VREditor/TransformGizmo/Xray.Xray","49","0","14","1","0.000000","0","0"
"/Engine/VREditor/TransformGizmo/TranslucentTransformGizmoMaterial.TranslucentTransformGizmoMaterial","49","0","3","1","0.000000","0","0"
"/Engine/EngineMaterials/DefaultLightFunctionMaterial.DefaultLightFunctionMaterial","49","0","43","1","0.000000","0","0"
"/Game/Asian_Village/materials/landscape_materials/M_landscape_material.M_landscape_material","49","23","3","1","22.477966","0","184"
"/Game/Asian_Village/materials/building_materials/base_materials/M_stone_tiles.M_stone_tiles","49","23","6","1","24.531919","0","183"
"/Game/TopDownLogic/Other/Character/ThirdPerson/Meshes/M_RampMaterial.M_RampMaterial","49","23","5","1","24.145271","0","110"
"/Game/TopDownLogic/Other/Character/Geometry/Meshes/M_CubeMaterial.M_CubeMaterial","49","23","2","1","22.922987","0","227"
"/Game/StarterContent/Props/Materials/M_MaterialSphere_Plain.M_MaterialSphere_Plain","49","14","1","1","13.431170","0","61"
"/Game/StarterContent/Props/Materials/M_MaterialSphere.M_MaterialSphere","49","14","3","1","14.008492","0","72"
"/Game/StarterContent/Particles/Materials/m_flare_01.m_flare_01","49","0","12","1","0.000000","0","0"
"/Game/StarterContent/Materials/M_Glass.M_Glass","49","0","33","1","0.000000","0","0"
"/Game/TopDownLogic/Other/Character/Mannequin/Character/Materials/M_UE4Man_Body.M_UE4Man_Body","49","112","9","2","112.112152","0","1814"
"/Game/Asian_Village/materials/trees_materials/M_bark.M_bark","49","124","1","1","166.392853","0","3590"
"/Game/Asian_Village/materials/building_materials/M_building_metal.M_building_metal","49","23","2","1","21.454857","0","136"
"/Game/Asian_Village/materials/building_materials/M_building_concrete_WPO.M_building_concrete_WPO","49","23","5","1","22.086304","0","113"
"/Game/StarterContent/Materials/M_Basic_Wall.M_Basic_Wall","49","0","23","1","0.000000","0","0"
"/Game/Asian_Village/materials/building_materials/M_block_foundation.M_block_foundation","49","23","7","1","36.817074","0","111"
"/Game/Asian_Village/materials/building_materials/M_column_decoration.M_column_decoration","49","23","3","1","39.199352","0","145"
"/Game/StarterContent/Materials/M_Basic_Floor.M_Basic_Floor","49","0","23","1","0.000000","0","0"
"/Game/Asian_Village/materials/building_materials/base_materials/M_glass.M_glass","49","5","3","1","7.980443","0","14"
"/Game/Asian_Village/materials/building_materials/M_wooden_fence.M_wooden_fence","49","44","1","1","59.588200","0","544"
"/Game/Asian_Village/materials/building_materials/M_thatched_roof.M_thatched_roof","49","43","3","1","48.415451","0","387"
"/Game/Asian_Village/materials/building_materials/M_door.M_door","49","23","1","1","30.213671","0","152"
"/Game/StarterContent/Blueprints/Assets/M_LightStage_Arrows.M_LightStage_Arrows","49","0","4","1","0.000000","0","0"
"/Game/StarterContent/Materials/M_AssetPlatform.M_AssetPlatform","49","0","23","1","0.000000","0","0"
"/Game/sA_PickupSet_1/Materials/M_Master_MetalFX.M_Master_MetalFX","49","56","5","1","84.201286","0","867"
"/Game/Asian_Village/materials/building_materials/base_materials/M_wicker_wallpaper.M_wicker_wallpaper","49","25","7","1","30.818428","0","126"
"/Game/sA_PickupSet_1/Materials/M_Master_Fresnel.M_Master_Fresnel","49","26","4","1","43.007816","0","130"
"/Game/StarterContent/Blueprints/Assets/M_LightStage_Skybox_Master.M_LightStage_Skybox_Master","49","0","8","2","0.000000","0","0"
"/Game/Asian_Village/materials/building_materials/base_materials/M_tiles_WPO.M_tiles_WPO","49","23","2","1","42.129112","0","153"
"/Game/Assets/VFX/Explosion/M_poof.M_poof","49","26","4","1","50.116119","0","229"
"/Game/Assets/Level/Materials/Transp/M_Shop_TSP.M_Shop_TSP","49","18","5","1","32.441208","0","90"
"/Game/Assets/Level/Materials/Dungoen_Stone_Mid_SHD.Dungoen_Stone_Mid_SHD","49","23","3","1","54.346577","0","143"
"/Game/Asian_Village/materials/building_materials/base_materials/M_concrete.M_concrete","49","44","6","1","51.942719","0","516"
"/Game/Assets/Characters/Gobelin/Materials/Goblin_Teeth_SHD.Goblin_Teeth_SHD","49","26","7","1","26.395367","0","135"
"/Game/Assets/Level/Materials/Dungoen_Stone_Light_SHD.Dungoen_Stone_Light_SHD","49","23","2","1","32.033009","0","128"
"/Game/Assets/Level/Materials/Dungeon_Spawn_SHD.Dungeon_Spawn_SHD","49","14","3","1","14.507469","0","71"
"/Game/Asian_Village/materials/plants_materials/M_plants.M_plants","49","86","2","1","76.890816","0","3378"
"/Game/Asian_Village/materials/props_materials/M_flag_banner.M_flag_banner","49","23","6","1","21.441153","0","278"
"/Game/Asian_Village/materials/decals_materials/M_decal_dirt.M_decal_dirt","49","21","1","1","19.394829","0","236"
"/Game/Asian_Village/materials/trees_materials/M_foliage.M_foliage","49","86","1","1","77.977226","0","2784"
"/Game/Asian_Village/materials/props_materials/M_statue.M_statue","49","23","1","1","20.247658","0","252"
"/Game/Asian_Village/materials/props_materials/M_lantern.M_lantern","49","23","1","1","19.647961","0","179"
"/Game/Asian_Village/materials/plants_materials/M_grass.M_grass","49","86","1","1","69.969284","0","2406"
"/Game/Asian_Village/materials/trees_materials/M_foliage_bamboo.M_foliage_bamboo","49","86","4","1","72.123398","0","2319"
"/Game/Assets/Characters/Gobelin/Materials/Goblin_Skin_SHD.Goblin_Skin_SHD","49","26","1","1","21.289801","0","245"
"/Game/Assets/VFX/Hit/M_Hit.M_Hit","49","34","1","1","24.155066","0","355"
"/Game/Asian_Village/materials/water_materials/M_waterfall.M_waterfall","49","13","1","1","8.779378","0","78"
"/Game/Asian_Village/materials/water_materials/M_water.M_water","49","13","4","1","11.503036","0","47"
"/Game/sA_PickupSet_1/Materials/M_Master_RadialBeam.M_Master_RadialBeam","49","9","3","1","7.308794","0","36"
"/Game/Assets/Characters/Gobelin/Materials/Goblin_PinkSkin_SHD.Goblin_PinkSkin_SHD","49","26","1","1","21.974140","0","179"
"/Game/Assets/Characters/Gobelin/Materials/Goblin_Red_SHD.Goblin_Red_SHD","49","26","5","1","22.186110","0","284"
"/Game/Assets/Characters/Barbarian/Material/Barbarian_Horn_SHD.Barbarian_Horn_SHD","49","26","6","1","22.668177","0","126"
"/Game/Assets/Characters/Barbarian/Material/Barbarian_Hair_SHD.Barbarian_Hair_SHD","49","26","7","1","23.487442","0","215"
"/Game/Assets/Characters/Barbarian/Material/Barbarian_Eye_Pupil.Barbarian_Eye_Pupil","49","26","4","1","23.257113","0","157"
"/Engine/EditorMaterials/PreviewShadowIndicatorMaterial.PreviewShadowIndicatorMaterial","49","0","43","1","0.000000","0","0"
"/Game/Asian_Village/materials/postprocess_materials/M_postprocess.M_postprocess","49","4","4","1","3.472756","0","4"
"/Game/Assets/Characters/Barbarian/Material/Barbarian_EyeGlobe_SHD.Barbarian_EyeGlobe_SHD","49","26","6","1","24.065252","0","132"
"/Game/Assets/Characters/Barbarian/Material/Barabrian_Cape_SHD.Barabrian_Cape_SHD","49","30","4","1","28.426519","0","310"
"/Engine/EngineMaterials/AntiAliasedTextMaterialTranslucent.AntiAliasedTextMaterialTranslucent","49","0","20","1","0.000000","0","0"
"/Game/Assets/Characters/Barbarian/Material/Axe_MetalWarm_SHD.Axe_MetalWarm_SHD","49","14","5","1","13.557688","0","51"
"/Game/Assets/VFX/Fog/M_Fog.M_Fog","49","24","4","1","24.656710","0","233"
"/Game/Assets/Characters/Barbarian/Material/Axe_MetalCold_SHD.Axe_MetalCold_SHD","49","14","3","1","12.327412","0","60"
"/Game/Assets/Characters/Barbarian/Material/Axe_MetalBright_SHD.Axe_MetalBright_SHD","49","14","4","1","12.792675","0","68"
"/Game/TopDownLogic/Other/Materials/OutlinePP_Mat.OutlinePP_Mat","49","4","4","1","2.975837","0","6"
"/Game/Assets/Characters/Barbarian/Material/Axe_Leather_Dark_SHD.Axe_Leather_Dark_SHD","49","14","1","1","12.616293","0","79"
"/Game/Asian_Village/materials/water_materials/M_water_noise.M_water_noise","49","41","3","1","31.768118","0","319"
"/Engine/EngineMaterials/PPM_DefaultCalibrationColor.PPM_DefaultCalibrationColor","49","0","4","1","0.000000","0","0"
"/Engine/EngineMaterials/PPM_DefaultCalibrationGrayscale.PPM_DefaultCalibrationGrayscale","49","0","4","1","0.000000","0","0"
"/Game/Assets/Characters/Gobelin/Materials/Goblin_MetalCold_SHD.Goblin_MetalCold_SHD","49","26","5","1","24.147676","0","237"
"/Game/Assets/Characters/Gobelin/Materials/Goblin_Leather_Light_SHD.Goblin_Leather_Light_SHD","49","26","5","1","25.026789","0","129"
"/SpeedTreeImporter/SpeedTree9/SpeedTreeBillboardMaster.SpeedTreeBillboardMaster","49","0","62","1","0.000000","0","0"
"/Game/Assets/Characters/Gobelin/Materials/Goblin_Leather_Dark_SHD.Goblin_Leather_Dark_SHD","49","26","4","1","24.765995","0","194"
"/Game/Assets/VFX/Explosion/M_Shockwave.M_Shockwave","49","6","2","1","6.070446","0","17"
"/Game/StarterContent/Particles/Materials/M_radial_ramp.M_radial_ramp","49","0","12","1","0.000000","0","0"
"/Game/Assets/Characters/Gobelin/Materials/Goblin_Hair_SHD.Goblin_Hair_SHD","49","26","6","1","24.638348","0","242"
"/Game/Assets/VFX/Portal/M_Portal.M_Portal","49","40","7","1","37.499954","0","370"
"/Game/StarterContent/Particles/Materials/M_Radial_Gradient.M_Radial_Gradient","49","15","5","1","12.727661","0","67"
"/Game/Assets/Characters/Gobelin/Materials/Goblin_Hair2_SHD.Goblin_Hair2_SHD","49","26","1","1","24.228373","0","351"
"/Game/StarterContent/Materials/M_ColorGrid_LowSpec.M_ColorGrid_LowSpec","49","0","23","1","0.000000","0","0"
"/Game/StarterContent/Materials/M_Metal_Rust.M_Metal_Rust","49","0","23","1","0.000000","0","0"
"/Game/Assets/Characters/Gobelin/Materials/Goblin_Eye_Pupil_SHD.Goblin_Eye_Pupil_SHD","49","26","4","1","24.588760","0","133"
"/SpeedTreeImporter/SpeedTree9/SpeedTreeMaster.SpeedTreeMaster","49","0","88","1","0.000000","0","0"
"/Engine/EditorMeshes/ColorCalibrator/M_ColorGrid.M_ColorGrid","49","0","35","1","0.000000","0","0"
"/Game/Assets/Characters/Gobelin/Materials/Goblin_EyeGlobe_SHD.Goblin_EyeGlobe_SHD","49","26","1","1","26.071669","0","253"
"/Game/Assets/VFX/Torch/Materials/M_Sparks.M_Sparks","49","30","8","1","33.893360","0","493"
"/Game/Assets/Characters/Gobelin/Materials/Goblin_Dark_SHD.Goblin_Dark_SHD","49","26","6","1","24.573767","0","101"
"/Game/Assets/Characters/Barbarian/Material/Barbarian_Teeth_SHD.Barbarian_Teeth_SHD","49","26","5","1","30.994999","0","103"
"/Game/StarterContent/Materials/M_Tech_Hex_Tile.M_Tech_Hex_Tile","49","0","23","1","0.000000","0","0"
"/Game/Assets/Level/Materials/Dummy/M_Body.M_Body","49","23","8","1","21.315697","0","94"
"/Game/Assets/Characters/Barbarian/Material/Barbarian_Skin_SHD.Barbarian_Skin_SHD","49","26","7","1","23.728203","0","129"
"/Game/StarterContent/Materials/M_Wood_Floor_Walnut_Worn.M_Wood_Floor_Walnut_Worn","49","0","23","1","0.000000","0","0"
"/Game/Asian_Village/materials/building_materials/base_materials/M_wall_panel.M_wall_panel","49","23","6","1","21.756422","0","271"
"/Game/Assets/Characters/Barbarian/Material/Balle_SDH.Balle_SDH","49","14","5","1","12.865855","0","91"
"/Game/Assets/Characters/Enemy/Materials/Bettle/M_Bettle.M_Bettle","49","26","1","1","24.729883","0","332"
"/Game/Assets/Level/Materials/Dummy/M_X.M_X","49","23","7","1","21.832809","0","211"
"/Game/Assets/Level/Materials/Dummy/M_head.M_head","49","23","5","1","21.489071","0","192"
"/Game/Assets/Characters/Barbarian/Material/Barbarian_MetalWarm_SHD.Barbarian_MetalWarm_SHD","49","26","3","1","23.095772","0","116"
"/Game/Assets/Characters/Barbarian/Material/Barbarian_MetalCold_SHD.Barbarian_MetalCold_SHD","49","26","7","1","24.468040","0","143"
"/Game/Assets/Characters/Barbarian/Material/Barbarian_Leather_Light_SHD.Barbarian_Leather_Light_SHD","49","26","5","1","23.978930","0","249"
"/Game/Assets/Level/Materials/Torch/Materials/Material_003.Material_003","49","23","2","1","20.700050","0","142"
"/Game/Assets/Level/Materials/M_Shop_Internal_Circle.M_Shop_Internal_Circle","49","14","2","1","12.317634","0","49"
"/Game/StarterContent/Materials/M_Water_Ocean.M_Water_Ocean","49","0","23","1","0.000000","0","0"
"/Game/Assets/Characters/Barbarian/Material/Barbarian_Leather_Dark_SHD.Barbarian_Leather_Dark_SHD","49","26","9","1","25.052887","0","265"
"/Game/Assets/Level/Materials/M_Shop_External_Circle.M_Shop_External_Circle","49","14","3","1","12.952728","0","47"
"/Game/Asian_Village/materials/water_materials/M_water_bottom.M_water_bottom","49","23","5","1","21.107000","0","233"
"/Game/Assets/Level/Materials/M_Pillar.M_Pillar","49","23","2","1","22.732344","0","248"
"/Game/Assets/Level/Materials/Dummy/M_hat.M_hat","49","23","3","1","21.908968","0","242"
"/Engine/EngineSky/M_Sky_Panning_Clouds2.M_Sky_Panning_Clouds2","49","0","4","1","0.000000","0","0"
"/Game/StarterContent/Props/Materials/M_Rock.M_Rock","49","0","23","1","0.000000","0","0"
"/Game/Assets/VFX/Blood/Mat/M_Blood.M_Blood","49","36","3","1","34.344963","0","343"
"/Game/Assets/Level/Materials/Dummy/M_Pied.M_Pied","49","23","2","1","20.205446","0","182"
"/Game/Asian_Village/materials/building_materials/base_materials/M_base_color.M_base_color","49","23","7","1","20.441545","0","144"
"/Game/Assets/Level/Materials/Torch/Materials/Material_001.Material_001","49","23","2","1","22.776258","0","99"
"/Game/Assets/Level/Materials/Torch/Materials/Material_002.Material_002","49","23","5","1","21.107611","0","204"
"/Game/Assets/Level/Materials/M_Door.M_Door","49","23","6","1","22.365303","0","109"
"/Game/StarterContent/Particles/Materials/M_explosion_subUV.M_explosion_subUV","49","0","9","1","0.000000","0","0"
"/Game/Asian_Village/materials/sky_materials/M_sky.M_sky","49","29","2","1","29.951454","0","288"
"/Game/Assets/Level/Materials/Torch/Materials/Material_004.Material_004","49","23","2","1","21.732950","0","142"
"/Game/Assets/Level/Materials/M_wall.M_wall","49","23","1","1","21.872572","0","284"
"/Game/Assets/Level/Materials/Torch/Materials/Material_005.Material_005","49","23","5","1","20.933506","0","195"
"/Engine/BasicShapes/BasicShapeMaterial.BasicShapeMaterial","49","0","82","1","0.000000","0","0"
"/Game/Assets/VFX/Hits/Meshes/Mat?rials/M_Dummy_hit.M_Dummy_hit","49","26","5","1","24.573301","0","133"
"/Game/StarterContent/Materials/M_Brick_Hewn_Stone.M_Brick_Hewn_Stone","49","0","23","1","0.000000","0","0"
"/Game/Assets/VFX/Heal/M_CrossHeal.M_CrossHeal","49","40","7","1","37.538460","0","295"
"/Niagara/DefaultAssets/DefaultSpriteMaterial.DefaultSpriteMaterial","49","0","35","1","0.000000","0","0"
"/Engine/EngineSky/M_SimpleSkyDome.M_SimpleSkyDome","49","0","4","1","0.000000","0","0"
"/Game/sA_PickupSet_1/Materials/M_AdditiveScrollNiagara.M_AdditiveScrollNiagara","49","20","3","1","17.898987","0","181"
"/Game/Assets/Level/Materials/M_Pillar_C.M_Pillar_C","49","23","1","1","21.658823","0","205"
"/Game/StarterContent/Particles/Materials/M_Burst.M_Burst","49","0","15","1","0.000000","0","0"
"/Game/Assets/VFX/FIre/Mat/Fire.Fire","49","36","2","1","37.925697","0","260"
"/Engine/EditorMeshes/ColorCalibrator/M_ChromeBall.M_ChromeBall","49","0","35","1","0.000000","0","0"
"/Game/Assets/VFX/Dust/Mat/M_Dust.M_Dust","49","36","8","1","36.096699","0","320"
"/Game/StarterContent/Materials/M_Brick_Clay_Old.M_Brick_Clay_Old","49","0","23","1","0.000000","0","0"
"/Engine/EngineMaterials/FlattenMaterial_WS_Normal_VT.FlattenMaterial_WS_Normal_VT","49","0","50","1","0.000000","0","0"
"/Game/StarterContent/Materials/M_Brick_Cut_Stone.M_Brick_Cut_Stone","49","0","23","1","0.000000","0","0"
"/Game/Assets/VFX/Torch/Materials/Torch_01.Torch_01","49","46","4","1","42.367828","0","285"
"/Game/Assets/Level/Materials/M_Ground.M_Ground","49","40","6","1","47.180489","0","387"
"/Game/StarterContent/Materials/M_CobbleStone_Pebble.M_CobbleStone_Pebble","49","0","23","1","0.000000","0","0"
"/Game/StarterContent/Props/Materials/M_Chair.M_Chair","49","0","23","1","0.000000","0","0"
"/Engine/EditorMeshes/ColorCalibrator/M_ClearCoat.M_ClearCoat","49","0","23","1","0.000000","0","0"
"/Game/StarterContent/Materials/M_CobbleStone_Rough.M_CobbleStone_Rough","49","0","23","1","0.000000","0","0"
"/Game/StarterContent/Props/Materials/M_Bush.M_Bush","49","0","44","1","0.000000","0","0"
"/Engine/VREditor/TransformGizmo/TransformGizmoMaterial.TransformGizmoMaterial","49","0","4","1","0.000000","0","0"
"/Game/StarterContent/Particles/Materials/M_Fire_SubUV.M_Fire_SubUV","49","0","9","1","0.000000","0","0"
"/Engine/EditorMeshes/ColorCalibrator/M_ClearCoatBlack.M_ClearCoatBlack","49","0","23","1","0.000000","0","0"
"/Game/StarterContent/Materials/M_Brick_Clay_New.M_Brick_Clay_New","49","0","23","1","0.000000","0","0"
"/Game/StarterContent/Materials/M_Concrete_Panels.M_Concrete_Panels","49","0","23","1","0.000000","0","0"
"/Game/StarterContent/Materials/M_Concrete_Poured.M_Concrete_Poured","49","0","23","1","0.000000","0","0"
"/Game/StarterContent/Materials/M_CobbleStone_Smooth.M_CobbleStone_Smooth","49","0","23","1","0.000000","0","0"
"/Game/StarterContent/Materials/M_Tech_Checker_Dot.M_Tech_Checker_Dot","49","0","23","1","0.000000","0","0"
"/Game/StarterContent/Materials/M_Concrete_Grime.M_Concrete_Grime","49","0","23","1","0.000000","0","0"
"/Game/StarterContent/Materials/M_Ceramic_Tile_Checker.M_Ceramic_Tile_Checker","49","0","23","1","0.000000","0","0"
"/Game/StarterContent/Materials/M_Brick_Clay_Beveled.M_Brick_Clay_Beveled","49","0","23","1","0.000000","0","0"
"/Game/StarterContent/Materials/M_Concrete_Tiles.M_Concrete_Tiles","49","0","23","1","0.000000","0","0"
"/Game/StarterContent/Props/Materials/M_Frame.M_Frame","49","0","23","1","0.000000","0","0"
"/Game/StarterContent/Particles/Materials/M_Dust_Particle.M_Dust_Particle","49","0","72","1","0.000000","0","0"
"/Game/StarterContent/Props/Materials/M_Door.M_Door","49","0","23","1","0.000000","0","0"
"/Game/StarterContent/Materials/M_Ground_Moss.M_Ground_Moss","49","0","23","1","0.000000","0","0"
"/Game/StarterContent/Materials/M_Ground_Gravel.M_Ground_Gravel","49","0","23","1","0.000000","0","0"
"/Game/StarterContent/Materials/M_Ground_Grass.M_Ground_Grass","49","0","23","1","0.000000","0","0"
"/Game/StarterContent/Props/Materials/M_Lamp.M_Lamp","49","0","23","1","0.000000","0","0"
"/Game/StarterContent/Materials/M_Wood_Floor_Walnut_Polished.M_Wood_Floor_Walnut_Polished","49","0","23","1","0.000000","0","0"
"/Game/StarterContent/Materials/M_Metal_Burnished_Steel.M_Metal_Burnished_Steel","49","0","23","1","0.000000","0","0"
"/Game/StarterContent/Materials/M_Metal_Brushed_Nickel.M_Metal_Brushed_Nickel","49","0","23","1","0.000000","0","0"
"/Engine/EditorMeshes/ColorCalibrator/M_GreyBall.M_GreyBall","49","0","35","1","0.000000","0","0"
"/Game/StarterContent/Materials/M_Metal_Copper.M_Metal_Copper","49","0","23","1","0.000000","0","0"
"/Game/StarterContent/Materials/M_Metal_Chrome.M_Metal_Chrome","49","0","23","1","0.000000","0","0"
"/Game/StarterContent/Materials/M_Metal_Gold.M_Metal_Gold","49","0","23","1","0.000000","0","0"
"/Game/StarterContent/Materials/M_Metal_Steel.M_Metal_Steel","49","0","23","1","0.000000","0","0"
"/Game/StarterContent/Materials/M_Rock_Basalt.M_Rock_Basalt","49","0","23","1","0.000000","0","0"
"/Game/StarterContent/Materials/M_Rock_Slate.M_Rock_Slate","49","0","23","1","0.000000","0","0"
"/Game/StarterContent/Materials/M_Rock_Sandstone.M_Rock_Sandstone","49","0","23","1","0.000000","0","0"
"/Game/StarterContent/Particles/Materials/M_Spark.M_Spark","49","0","9","1","0.000000","0","0"
"/Game/StarterContent/Materials/M_Tech_Panel.M_Tech_Panel","49","0","23","1","0.000000","0","0"
"/Game/StarterContent/Materials/M_Tech_Hex_Tile_Pulse.M_Tech_Hex_Tile_Pulse","49","0","23","1","0.000000","0","0"
"/Game/StarterContent/Materials/M_Wood_Oak.M_Wood_Oak","49","0","23","1","0.000000","0","0"
"/Game/StarterContent/Materials/M_Wood_Pine.M_Wood_Pine","49","0","23","1","0.000000","0","0"
"/Game/StarterContent/Materials/M_Water_Lake.M_Water_Lake","49","0","23","1","0.000000","0","0"
"/Game/StarterContent/Materials/M_Rock_Marble_Polished.M_Rock_Marble_Polished","49","0","23","1","0.000000","0","0"
"/Game/StarterContent/Materials/M_Wood_Walnut.M_Wood_Walnut","49","0","23","1","0.000000","0","0"
"/Game/StarterContent/Particles/Materials/M_smoke_subUV.M_smoke_subUV","49","0","54","1","0.000000","0","0"
"/Game/StarterContent/Props/Materials/M_Shelf.M_Shelf","49","0","23","1","0.000000","0","0"
"/Game/StarterContent/Props/Materials/M_StatueGlass.M_StatueGlass","49","0","33","1","0.000000","0","0"
"/Game/StarterContent/Props/Materials/M_Statue.M_Statue","49","0","23","1","0.000000","0","0"
"/Game/TopDownLogic/Other/Materials/M_AoE.M_AoE","49","21","7","1","33.163322","0","73"
"/Game/StarterContent/Particles/Materials/M_Heat_Distortion.M_Heat_Distortion","49","0","21","1","0.000000","0","0"
"/Game/StarterContent/Props/Materials/M_TableRound.M_TableRound","49","0","23","1","0.000000","0","0"
"/Engine/EngineMaterials/DefaultTextMaterialOpaque.DefaultTextMaterialOpaque","49","0","31","1","0.000000","0","0"
"/Engine/EngineMaterials/FlattenMaterial.FlattenMaterial","49","0","50","1","0.000000","0","0"
"/Engine/EngineMaterials/M_InvalidLightmapSettings.M_InvalidLightmapSettings","49","0","28","1","0.000000","0","0"
"/Engine/EngineMaterials/EmissiveMeshMaterial.EmissiveMeshMaterial","49","0","5","1","0.000000","0","0"
"/Engine/EngineMaterials/WorldGridMaterial.WorldGridMaterial","49","0","802","1","0.000000","0","0"
"/Game/Assets/VFX/Rift/Faille.Faille","49","6","6","1","4.240566","0","6"
"/Engine/EngineMaterials/PhAT_JointLimitMaterial.PhAT_JointLimitMaterial","49","0","7","1","0.000000","0","0"
"/Engine/EngineSky/VolumetricClouds/m_SimpleVolumetricCloud.m_SimpleVolumetricCloud","49","0","68","1","0.000000","0","0"
"/Engine/EngineMaterials/DefaultPostProcessMaterial.DefaultPostProcessMaterial","49","0","6","1","0.000000","0","0"
"/Engine/EngineMaterials/DefaultDeferredDecalMaterial.DefaultDeferredDecalMaterial","49","0","87","1","0.000000","0","0"
"/Engine/EngineMaterials/DefaultMaterial.DefaultMaterial","49","0","127","1","0.000000","0","0"
"/Engine/EngineMaterials/FlattenMaterial_VT.FlattenMaterial_VT","49","0","50","1","0.000000","0","0"
"/Engine/EngineDebugMaterials/M_VolumeRenderSphereTracePP.M_VolumeRenderSphereTracePP","49","0","4","1","0.000000","0","0"
"/ControlRig/M_Manip.M_Manip","49","0","7","1","0.000000","0","0"
